Destination,Hotel_ Name,Address,Rate,Price,Image_link,Hotel_link
Cairo,(Private) Atlas International Hotels,"2, Mohamed Roushdi street,",7.1,$97.98 ,https://tripplanner.ai/_next/image?url=https%3A%2F%2Fa.hwstatic.com%2Fimage%2Fupload%2Ff_auto%2Cq_auto%2Cw_920%2Ch_600%2Fv1%2Fpropertyimages%2F2%2F292596%2Fkv655m5wuphl2dqcbpmd&w=1080&q=75,https://prf.hn/click/camref:1011l3Drhh/destination:https%3A%2F%2Fwww.hostelworld.com%2Fpwa%2Fhosteldetails.php%2F292596%3Ffrom%3D2024-06-11%26to%3D2024-06-20%26currency%3DUSD
Cairo,(Private) New Midtown,8 Gawad Hosny Street,,$53.13 ,https://tripplanner.ai/_next/image?url=https%3A%2F%2Fa.hwstatic.com%2Fimage%2Fupload%2Ff_auto%2Cq_auto%2Cw_920%2Ch_600%2Fv1%2Fpropertyimages%2F3%2F317542%2Fodbanzohya97t6vp29o2&w=1080&q=75,https://prf.hn/click/camref:1011l3Drhh/destination:https%3A%2F%2Fwww.hostelworld.com%2Fpwa%2Fhosteldetails.php%2F317542%3Ffrom%3D2024-06-11%26to%3D2024-06-20%26currency%3DUSD
Cairo,Victory Of Downtown Hotel,"56 Kasr Al Nile, Al Fawalah, Abdeen, Cairo Downtown, 4th Floor, Cairo",7.6,$61 ,https://tripplanner.ai/_next/image?url=https%3A%2F%2Fq-xx.bstatic.com%2Fxdata%2Fimages%2Fhotel%2Fmax500%2F298925073.jpg%3Fk%3D9428c982eb164e58cde27697c0e7c2ac9e80895ed8ad0966b7d02b2c4dc5b0f4%26o%3D&w=1080&q=75,https://www.stay22.com/allez/booking?aid=tripplannerai&campaign=build-itinerary~47604a60-2fa7-4235-a8aa-8ad682d9941a~date:2024-04-29&checkin=2024-06-11&checkout=2024-06-20&link=https%3A//www.booking.com/hotel/eg/victory-of-downtown.html%3Faid%3D1607597%26checkin%3D2024-07-28%26checkout%3D2024-07-29%26no_rooms%3D1%26group_adults%3D2%26selected_currency%3DUSD
Cairo,Holy Sheet Hostel,"2 Al Qadi Al Fadel 2nd floor, Abdeen, Cairo",8.8,$64 ,https://tripplanner.ai/_next/image?url=https%3A%2F%2Fq-xx.bstatic.com%2Fxdata%2Fimages%2Fhotel%2Fmax500%2F176082176.jpg%3Fk%3D956325bfed8fe58f8a1d5541d70bff3a91a7e75923cacee6be2a86a4fff389de%26o%3D&w=1080&q=75,https://www.stay22.com/allez/booking?aid=tripplannerai&campaign=build-itinerary~47604a60-2fa7-4235-a8aa-8ad682d9941a~date:2024-04-29&checkin=2024-06-11&checkout=2024-06-20&link=https%3A//www.booking.com/hotel/eg/holy-sheet-hostel.html%3Faid%3D1607597%26checkin%3D2024-07-28%26checkout%3D2024-07-29%26no_rooms%3D1%26group_adults%3D2%26selected_currency%3DUSD
Cairo,Up Town Hotel,"7 Tahrir Square, Down Town, Cairo",7.7,$58 ,https://tripplanner.ai/_next/image?url=https%3A%2F%2Fq-xx.bstatic.com%2Fxdata%2Fimages%2Fhotel%2Fmax500%2F400557965.jpg%3Fk%3D6f233641e6c5b01ea6dee10ac35660737f7b99e37d6d99c1c63f53432fede95a%26o%3D&w=1080&q=75,https://www.stay22.com/allez/booking?aid=tripplannerai&campaign=build-itinerary~47604a60-2fa7-4235-a8aa-8ad682d9941a~date:2024-04-29&checkin=2024-06-11&checkout=2024-06-20&link=https%3A//www.booking.com/hotel/eg/town-gate.html%3Faid%3D1607597%26checkin%3D2024-07-28%26checkout%3D2024-07-29%26no_rooms%3D1%26group_adults%3D2%26selected_currency%3DUSD
Cairo,Tahrir Square Hostel,"11 Tahrir Square, Second floor, Next to KFC, Downtown, , Cairo",9.2,$64 ,https://tripplanner.ai/_next/image?url=https%3A%2F%2Fq-xx.bstatic.com%2Fxdata%2Fimages%2Fhotel%2Fmax500%2F215523034.jpg%3Fk%3D9553ce4c7969884322db129426f35330f20f513537d75e9062fb247c0251d096%26o%3D&w=1080&q=75,https://www.stay22.com/allez/booking?aid=tripplannerai&campaign=build-itinerary~47604a60-2fa7-4235-a8aa-8ad682d9941a~date:2024-04-29&checkin=2024-06-11&checkout=2024-06-20&link=https%3A//www.booking.com/hotel/eg/tahrir-hostel.html%3Faid%3D1607597%26checkin%3D2024-07-28%26checkout%3D2024-07-29%26no_rooms%3D1%26group_adults%3D2%26selected_currency%3DUSD
Cairo,(Private) Tahrir Square Hostel,"11 Tahrir Square, First floor, Downtown",9.5,$50.80 ,https://tripplanner.ai/_next/image?url=https%3A%2F%2Fa.hwstatic.com%2Fimage%2Fupload%2Ff_auto%2Cq_auto%2Cw_920%2Ch_600%2Fv1%2Fpropertyimages%2F2%2F289722%2F7.JPG&w=1080&q=75,https://prf.hn/click/camref:1011l3Drhh/destination:https%3A%2F%2Fwww.hostelworld.com%2Fpwa%2Fhosteldetails.php%2F289722%3Ffrom%3D2024-06-11%26to%3D2024-06-20%26currency%3DUSD
Cairo,Madina Hostel,"5 Kasr Al Nile street 10th floor, Cairo",9.2,$73 ,https://tripplanner.ai/_next/image?url=https%3A%2F%2Fq-xx.bstatic.com%2Fxdata%2Fimages%2Fhotel%2Fmax500%2F253978598.jpg%3Fk%3D1bb887a4cd76710bb38f1a94bb2ea3c29124504f0c5321105f2716e2eb047a68%26o%3D&w=1080&q=75,https://www.stay22.com/allez/booking?aid=tripplannerai&campaign=build-itinerary~47604a60-2fa7-4235-a8aa-8ad682d9941a~date:2024-04-29&checkin=2024-06-11&checkout=2024-06-20&link=https%3A//www.booking.com/hotel/eg/madina-hostel.html%3Faid%3D1607597%26checkin%3D2024-07-28%26checkout%3D2024-07-29%26no_rooms%3D1%26group_adults%3D2%26selected_currency%3DUSD
Cairo,(Private) Madina Hostel,"5 Kasr Al Nile, Street",9.6,$90.98 ,https://tripplanner.ai/_next/image?url=https%3A%2F%2Fa.hwstatic.com%2Fimage%2Fupload%2Ff_auto%2Cq_auto%2Cw_920%2Ch_600%2Fv1%2Fpropertyimages%2F3%2F307046%2Fprey6tfiy7wckxuy6akt&w=1080&q=75,https://prf.hn/click/camref:1011l3Drhh/destination:https%3A%2F%2Fwww.hostelworld.com%2Fpwa%2Fhosteldetails.php%2F307046%3Ffrom%3D2024-06-11%26to%3D2024-06-20%26currency%3DUSD
Cairo,(Private) Deluxe Australian Hotel,"Abdelkhalek Tharwat Street, Downtown, Beside Radio",8.1,$53.98 ,https://tripplanner.ai/_next/image?url=https%3A%2F%2Fa.hwstatic.com%2Fimage%2Fupload%2Ff_auto%2Cq_auto%2Cw_920%2Ch_600%2Fv1%2Fpropertyimages%2F2%2F295790%2Fzk2bv0p0ep0kcxsihsz9&w=1080&q=75,https://prf.hn/click/camref:1011l3Drhh/destination:https%3A%2F%2Fwww.hostelworld.com%2Fpwa%2Fhosteldetails.php%2F295790%3Ffrom%3D2024-06-11%26to%3D2024-06-20%26currency%3DUSD
Cairo,(Private) Champollion Hostel,"22 Mahmoud Bassiouny, Talat Harb Square, Qasr El N",9.1,$60.33 ,https://tripplanner.ai/_next/image?url=https%3A%2F%2Fa.hwstatic.com%2Fimage%2Fupload%2Ff_auto%2Cq_auto%2Cw_920%2Ch_600%2Fv1%2Fpropertyimages%2F3%2F316109%2Fhjrcodpuy8kluovzp1rz&w=1080&q=75,https://prf.hn/click/camref:1011l3Drhh/destination:https%3A%2F%2Fwww.hostelworld.com%2Fpwa%2Fhosteldetails.php%2F316109%3Ffrom%3D2024-06-11%26to%3D2024-06-20%26currency%3DUSD
Cairo,Museum Plaza,"2 Champollion Road Second Floor., Cairo",8.3,$80 ,https://tripplanner.ai/_next/image?url=https%3A%2F%2Fq-xx.bstatic.com%2Fxdata%2Fimages%2Fhotel%2Fmax500%2F470376077.jpg%3Fk%3D8304b793e19c96b917f123c0bb9dcdc28b5513b3de22bc5016c7e901cb56544e%26o%3D&w=1080&q=75,https://www.stay22.com/allez/booking?aid=tripplannerai&campaign=build-itinerary~47604a60-2fa7-4235-a8aa-8ad682d9941a~date:2024-04-29&checkin=2024-06-11&checkout=2024-06-20&link=https%3A//www.booking.com/hotel/eg/museum-plaza.html%3Faid%3D1607597%26checkin%3D2024-07-28%26checkout%3D2024-07-29%26no_rooms%3D1%26group_adults%3D2%26selected_currency%3DUSD
Cairo,(Private) Museum Plaza Hostel,"2 Champollion St , 2nd Floor",2,$57.15 ,https://tripplanner.ai/_next/image?url=https%3A%2F%2Fa.hwstatic.com%2Fimage%2Fupload%2Ff_auto%2Cq_auto%2Cw_920%2Ch_600%2Fv1%2Fpropertyimages%2F3%2F312462%2Fdoybaiuf4g5ih1efybyp&w=1080&q=75,https://prf.hn/click/camref:1011l3Drhh/destination:https%3A%2F%2Fwww.hostelworld.com%2Fpwa%2Fhosteldetails.php%2F312462%3Ffrom%3D2024-06-11%26to%3D2024-06-20%26currency%3DUSD
Cairo,(Private) Sufi House,"43 Sherif Street, 4th floor",0,$97.99 ,https://tripplanner.ai/_next/image?url=https%3A%2F%2Fa.hwstatic.com%2Fimage%2Fupload%2Ff_auto%2Cq_auto%2Cw_920%2Ch_600%2Fv1%2Fpropertyimages%2F2%2F275481%2Fckxnqjmdvljtvxwgqmmy&w=1080&q=75,https://prf.hn/click/camref:1011l3Drhh/destination:https%3A%2F%2Fwww.hostelworld.com%2Fpwa%2Fhosteldetails.php%2F275481%3Ffrom%3D2024-06-11%26to%3D2024-06-20%26currency%3DUSD
Cairo,(Private) Golden Palace Hotel,Down town 40 Talaat Harb,5.7,$62.50 ,https://tripplanner.ai/_next/image?url=https%3A%2F%2Fa.hwstatic.com%2Fimage%2Fupload%2Ff_auto%2Cq_auto%2Cw_920%2Ch_600%2Fv1%2Fpropertyimages%2F3%2F307754%2Ffgllw2zkjtg47erunle9&w=1080&q=75,https://prf.hn/click/camref:1011l3Drhh/destination:https%3A%2F%2Fwww.hostelworld.com%2Fpwa%2Fhosteldetails.php%2F307754%3Ffrom%3D2024-06-11%26to%3D2024-06-20%26currency%3DUSD
Cairo,Nile View Inn,"67 Abdulaziz Al Saud 67, Cairo",8.1,$54 ,https://tripplanner.ai/_next/image?url=https%3A%2F%2Fq-xx.bstatic.com%2Fxdata%2Fimages%2Fhotel%2Fmax500%2F292662284.jpg%3Fk%3D3c57a4c347d1c31577ce1095c292f28d98f891fcac395bdd89b548d0f3d4d3a7%26o%3D&w=1080&q=75,https://www.stay22.com/allez/booking?aid=tripplannerai&campaign=build-itinerary~47604a60-2fa7-4235-a8aa-8ad682d9941a~date:2024-04-29&checkin=2024-06-11&checkout=2024-06-20&link=https%3A//www.booking.com/hotel/eg/galaxy-nile-suites.html%3Faid%3D1607597%26checkin%3D2024-07-28%26checkout%3D2024-07-29%26no_rooms%3D1%26group_adults%3D2%26selected_currency%3DUSD
Cairo,Jewel Green Mountain Hotel,"19 Green Mountain Buildings, Nasr Road, Nasr City, next to Queen Service Company, Cairo",7.7,$64 ,https://tripplanner.ai/_next/image?url=https%3A%2F%2Fq-xx.bstatic.com%2Fxdata%2Fimages%2Fhotel%2Fmax500%2F279280588.jpg%3Fk%3D9e8306a969a1dee1c092780f941a6e5f67ce2c7bbf3a8f2e393b58433b5d1422%26o%3D&w=1080&q=75,https://www.stay22.com/allez/booking?aid=tripplannerai&campaign=build-itinerary~47604a60-2fa7-4235-a8aa-8ad682d9941a~date:2024-04-29&checkin=2024-06-11&checkout=2024-06-20&link=https%3A//www.booking.com/hotel/eg/jewel-green-mountain.html%3Faid%3D1607597%26checkin%3D2024-07-28%26checkout%3D2024-07-29%26no_rooms%3D1%26group_adults%3D2%26selected_currency%3DUSD
Cairo,(Private) Zamalek X Hostel,"140, 26 of july , Zamalek",9.2,$72.20 ,https://tripplanner.ai/_next/image?url=https%3A%2F%2Fa.hwstatic.com%2Fimage%2Fupload%2Ff_auto%2Cq_auto%2Cw_920%2Ch_600%2Fv1%2Fpropertyimages%2F3%2F317001%2Flmlkpdllbwjdtxpoquuh&w=1080&q=75,https://prf.hn/click/camref:1011l3Drhh/destination:https%3A%2F%2Fwww.hostelworld.com%2Fpwa%2Fhosteldetails.php%2F317001%3Ffrom%3D2024-06-11%26to%3D2024-06-20%26currency%3DUSD
Cairo,Swiss Inn Nile Hotel,"110 El Bahr El Azzam Street, Corniche El Nil, Cairo",6,$87 ,https://tripplanner.ai/_next/image?url=https%3A%2F%2Fq-xx.bstatic.com%2Fxdata%2Fimages%2Fhotel%2Fmax500%2F319678910.jpg%3Fk%3Dc44c3cd0dbcb272203ba420feec4ea74a64a077e4adeccec456a6dea0f3f3216%26o%3D&w=1080&q=75,https://www.stay22.com/allez/booking?aid=tripplannerai&campaign=build-itinerary~47604a60-2fa7-4235-a8aa-8ad682d9941a~date:2024-04-29&checkin=2024-06-11&checkout=2024-06-20&link=https%3A//www.booking.com/hotel/eg/swiss-inn-nile.html%3Faid%3D1607597%26checkin%3D2024-07-28%26checkout%3D2024-07-29%26no_rooms%3D1%26group_adults%3D2%26selected_currency%3DUSD
Cairo,Nakhil Inn Residence,"3 Al Nakhel, Cairo",8.5,$68 ,https://tripplanner.ai/_next/image?url=https%3A%2F%2Fq-xx.bstatic.com%2Fxdata%2Fimages%2Fhotel%2Fmax500%2F192537504.jpg%3Fk%3Db036ecf4cf8d9c59c2e09c167ef3969fe3f92433d538d9401e4919ea723d4169%26o%3D&w=1080&q=75,https://www.stay22.com/allez/booking?aid=tripplannerai&campaign=build-itinerary~47604a60-2fa7-4235-a8aa-8ad682d9941a~date:2024-04-29&checkin=2024-06-11&checkout=2024-06-20&link=https%3A//www.booking.com/hotel/eg/nakhil-residence.html%3Faid%3D1607597%26checkin%3D2024-07-28%26checkout%3D2024-07-29%26no_rooms%3D1%26group_adults%3D2%26selected_currency%3DUSD
Cairo,Holidays Express Hotel,"Gamaet El Dowal El Arbia Street, Mohandesin, Cairo",4.5,$64 ,https://tripplanner.ai/_next/image?url=https%3A%2F%2Fq-xx.bstatic.com%2Fxdata%2Fimages%2Fhotel%2Fmax500%2F454206725.jpg%3Fk%3D28fae7502560d8282aff03faa1cdb9bcd446d57b641fb65959761eff381bd89a%26o%3D&w=1080&q=75,https://www.stay22.com/allez/booking?aid=tripplannerai&campaign=build-itinerary~47604a60-2fa7-4235-a8aa-8ad682d9941a~date:2024-04-29&checkin=2024-06-11&checkout=2024-06-20&link=https%3A//www.booking.com/hotel/eg/holidays-express.html%3Faid%3D1607597%26checkin%3D2024-07-28%26checkout%3D2024-07-29%26no_rooms%3D1%26group_adults%3D2%26selected_currency%3DUSD
Cairo,Amarante Pyramids Hotel,"29 Abou Hazem Street, off Pyramids Road, Cairo",6.7,$84 ,https://tripplanner.ai/_next/image?url=https%3A%2F%2Fq-xx.bstatic.com%2Fxdata%2Fimages%2Fhotel%2Fmax500%2F31829338.jpg%3Fk%3Dfb343d99ff2fe989612520cb856f704935b7dffcf088ed2d0607df4164ec6666%26o%3D&w=1080&q=75,https://www.stay22.com/allez/booking?aid=tripplannerai&campaign=build-itinerary~47604a60-2fa7-4235-a8aa-8ad682d9941a~date:2024-04-29&checkin=2024-06-11&checkout=2024-06-20&link=https%3A//www.booking.com/hotel/eg/amarante-pyramids-cairo.html%3Faid%3D1607597%26checkin%3D2024-07-28%26checkout%3D2024-07-29%26no_rooms%3D1%26group_adults%3D2%26selected_currency%3DUSD
Cairo,Golden Carven Hotel,"11 Mohamed Ebeid St., Of Nozha St., Cairo",7,$71 ,https://tripplanner.ai/_next/image?url=https%3A%2F%2Fq-xx.bstatic.com%2Fxdata%2Fimages%2Fhotel%2Fmax500%2F246921435.jpg%3Fk%3D59a2876df1168bbf4b0a6586a9cc6546cc491b75dd1bae28a450b06f7deec31d%26o%3D&w=1080&q=75,https://www.stay22.com/allez/booking?aid=tripplannerai&campaign=build-itinerary~47604a60-2fa7-4235-a8aa-8ad682d9941a~date:2024-04-29&checkin=2024-06-11&checkout=2024-06-20&link=https%3A//www.booking.com/hotel/eg/the-karvin.html%3Faid%3D1607597%26checkin%3D2024-07-28%26checkout%3D2024-07-29%26no_rooms%3D1%26group_adults%3D2%26selected_currency%3DUSD
Cairo,Gawharet Al Ahram Hotel,"103 El Haram St, In Front Of Al Haram Hospital, Cairo",6.9,$70 ,https://tripplanner.ai/_next/image?url=https%3A%2F%2Fq-xx.bstatic.com%2Fxdata%2Fimages%2Fhotel%2Fmax500%2F447614057.jpg%3Fk%3D1d33b9af4484ffa0753e74f9ceee50aaeecc807d425bd6d780b4f0e59e56b6f3%26o%3D&w=1080&q=75,https://www.stay22.com/allez/booking?aid=tripplannerai&campaign=build-itinerary~47604a60-2fa7-4235-a8aa-8ad682d9941a~date:2024-04-29&checkin=2024-06-11&checkout=2024-06-20&link=https%3A//www.booking.com/hotel/eg/husa-pyramids.html%3Faid%3D1607597%26checkin%3D2024-07-28%26checkout%3D2024-07-29%26no_rooms%3D1%26group_adults%3D2%26selected_currency%3DUSD
Cairo,Jewel Glorious Hotel,"Ibn Al Hakam Square, Cairo",7.1,$88 ,https://tripplanner.ai/_next/image?url=https%3A%2F%2Fq-xx.bstatic.com%2Fxdata%2Fimages%2Fhotel%2Fmax500%2F327426741.jpg%3Fk%3Da4804908267523b1cf6e8f3c4633113a9cacbe3d1e156d07af4b839a2af12055%26o%3D&w=1080&q=75,https://www.stay22.com/allez/booking?aid=tripplannerai&campaign=build-itinerary~47604a60-2fa7-4235-a8aa-8ad682d9941a~date:2024-04-29&checkin=2024-06-11&checkout=2024-06-20&link=https%3A//www.booking.com/hotel/eg/glorious.html%3Faid%3D1607597%26checkin%3D2024-07-28%26checkout%3D2024-07-29%26no_rooms%3D1%26group_adults%3D2%26selected_currency%3DUSD
Cairo,Brothers Pyramids View Hotel,"Al Mansoureya Road, Cairo",7.8,$64 ,https://tripplanner.ai/_next/image?url=https%3A%2F%2Fq-xx.bstatic.com%2Fxdata%2Fimages%2Fhotel%2Fmax500%2F337170046.jpg%3Fk%3D67c8ea2f66ef1e61809175f0e67e3d8ad9effcaca52e166f2a5e906cba834aad%26o%3D&w=1080&q=75,https://www.stay22.com/allez/booking?aid=tripplannerai&campaign=build-itinerary~47604a60-2fa7-4235-a8aa-8ad682d9941a~date:2024-04-29&checkin=2024-06-11&checkout=2024-06-20&link=https%3A//www.booking.com/hotel/eg/brothers-pyramids-view.html%3Faid%3D1607597%26checkin%3D2024-07-28%26checkout%3D2024-07-29%26no_rooms%3D1%26group_adults%3D2%26selected_currency%3DUSD
Cairo,Mamlouk Pyramids Hotel,"18 Abo El Houl El Seyahi Street , Haram , Giza, Cairo",8.4,$67 ,https://tripplanner.ai/_next/image?url=https%3A%2F%2Fq-xx.bstatic.com%2Fxdata%2Fimages%2Fhotel%2Fmax500%2F367079704.jpg%3Fk%3Df78096d3d78168dd480790ba81536634abd99df31dd883776c77fc24ccbc8712%26o%3D&w=1080&q=75,https://www.stay22.com/allez/booking?aid=tripplannerai&campaign=build-itinerary~47604a60-2fa7-4235-a8aa-8ad682d9941a~date:2024-04-29&checkin=2024-06-11&checkout=2024-06-20&link=https%3A//www.booking.com/hotel/eg/mamluk-pyramids.html%3Faid%3D1607597%26checkin%3D2024-07-28%26checkout%3D2024-07-29%26no_rooms%3D1%26group_adults%3D2%26selected_currency%3DUSD
Cairo,Nine Pyramids View Hotel,"Abou Al Hool Al Seiahi 2st, mohamed hassab salam st mansoria haram, Cairo",7.8,$80 ,https://tripplanner.ai/_next/image?url=https%3A%2F%2Fq-xx.bstatic.com%2Fxdata%2Fimages%2Fhotel%2Fmax500%2F285060525.jpg%3Fk%3D34dc9ac72b2096643e14894ed5bb9796bdccd1eefe541ddb248efe0496859b82%26o%3D&w=1080&q=75,https://www.stay22.com/allez/booking?aid=tripplannerai&campaign=build-itinerary~47604a60-2fa7-4235-a8aa-8ad682d9941a~date:2024-04-29&checkin=2024-06-11&checkout=2024-06-20&link=https%3A//www.booking.com/hotel/eg/nine-pyramids-view.html%3Faid%3D1607597%26checkin%3D2024-07-28%26checkout%3D2024-07-29%26no_rooms%3D1%26group_adults%3D2%26selected_currency%3DUSD
Cairo,Giza Pyramids Inn,"7 sphinx St, pyramids , Cairo",7.8,$69 ,https://tripplanner.ai/_next/image?url=https%3A%2F%2Fq-xx.bstatic.com%2Fxdata%2Fimages%2Fhotel%2Fmax500%2F292794397.jpg%3Fk%3D6c656e6d65b0c8f1ba39c6eb04d0e530f2b18641345147556162a46b9bcc284d%26o%3D&w=1080&q=75,https://www.stay22.com/allez/booking?aid=tripplannerai&campaign=build-itinerary~47604a60-2fa7-4235-a8aa-8ad682d9941a~date:2024-04-29&checkin=2024-06-11&checkout=2024-06-20&link=https%3A//www.booking.com/hotel/eg/giza-pyramids-inn.html%3Faid%3D1607597%26checkin%3D2024-07-28%26checkout%3D2024-07-29%26no_rooms%3D1%26group_adults%3D2%26selected_currency%3DUSD
Cairo,Marvel Stone Hotel,"6 gerier street, nazlet elsemman,giza, Cairo",7.6,$64 ,https://tripplanner.ai/_next/image?url=https%3A%2F%2Fq-xx.bstatic.com%2Fxdata%2Fimages%2Fhotel%2Fmax500%2F291904163.jpg%3Fk%3De9deebe74a1ad15e1d5e6f27d5395210cef8c0cc860e40ed41e0c400f1f9228e%26o%3D&w=1080&q=75,https://www.stay22.com/allez/booking?aid=tripplannerai&campaign=build-itinerary~47604a60-2fa7-4235-a8aa-8ad682d9941a~date:2024-04-29&checkin=2024-06-11&checkout=2024-06-20&link=https%3A//www.booking.com/hotel/eg/marvel-stone-al-haram.html%3Faid%3D1607597%26checkin%3D2024-07-28%26checkout%3D2024-07-29%26no_rooms%3D1%26group_adults%3D2%26selected_currency%3DUSD
Cairo,Horus Guest House Pyramids View,"21 Gamal Abd El Nasir Street From Abou Al Hool Al Seiahi Street, Giza, Cairo",8.7,$64 ,https://tripplanner.ai/_next/image?url=https%3A%2F%2Fq-xx.bstatic.com%2Fxdata%2Fimages%2Fhotel%2Fmax500%2F137847863.jpg%3Fk%3D7c0fb217582d758dac647bfea974ba279555b78569776dd3de699778504fc952%26o%3D&w=1080&q=75,https://www.stay22.com/allez/booking?aid=tripplannerai&campaign=build-itinerary~47604a60-2fa7-4235-a8aa-8ad682d9941a~date:2024-04-29&checkin=2024-06-11&checkout=2024-06-20&link=https%3A//www.booking.com/hotel/eg/horus-guest-house-apartment.html%3Faid%3D1607597%26checkin%3D2024-07-28%26checkout%3D2024-07-29%26no_rooms%3D1%26group_adults%3D2%26selected_currency%3DUSD
Cairo,Comfort Sphinx Inn,"EMRO Al Kais 12, 2nd floor, Cairo",8.4,$83 ,https://tripplanner.ai/_next/image?url=https%3A%2F%2Fq-xx.bstatic.com%2Fxdata%2Fimages%2Fhotel%2Fmax500%2F462781690.jpg%3Fk%3D4598600d5f88687b89fb1db38ab546c4002787e0981f6ad9a3aa0c42308c75ae%26o%3D&w=1080&q=75,https://www.stay22.com/allez/booking?aid=tripplannerai&campaign=build-itinerary~47604a60-2fa7-4235-a8aa-8ad682d9941a~date:2024-04-29&checkin=2024-06-11&checkout=2024-06-20&link=https%3A//www.booking.com/hotel/eg/comfort-pyramids-inn.html%3Faid%3D1607597%26checkin%3D2024-07-28%26checkout%3D2024-07-29%26no_rooms%3D1%26group_adults%3D2%26selected_currency%3DUSD
Cairo,Giza Pyramids View Inn,"6 sphinx St, pyramids , Giza, 12557 Cairo, Egypt, Cairo",7.9,$64 ,https://tripplanner.ai/_next/image?url=https%3A%2F%2Fq-xx.bstatic.com%2Fxdata%2Fimages%2Fhotel%2Fmax500%2F361763229.jpg%3Fk%3De5a1f8039d3582ef8146dc5c82d5e43dba3e6712311c4bb5c43ee0c46bfe576f%26o%3D&w=1080&q=75,https://www.stay22.com/allez/booking?aid=tripplannerai&campaign=build-itinerary~47604a60-2fa7-4235-a8aa-8ad682d9941a~date:2024-04-29&checkin=2024-06-11&checkout=2024-06-20&link=https%3A//www.booking.com/hotel/eg/giza-pyramids-view-inn.html%3Faid%3D1607597%26checkin%3D2024-07-28%26checkout%3D2024-07-29%26no_rooms%3D1%26group_adults%3D2%26selected_currency%3DUSD
Cairo,Sahara Pyramids Inn,"14 Abo Al Hol Al Seyahi, Cairo",8.7,$62 ,https://tripplanner.ai/_next/image?url=https%3A%2F%2Fq-xx.bstatic.com%2Fxdata%2Fimages%2Fhotel%2Fmax500%2F452867042.jpg%3Fk%3D16e6888856482e980c30d2163b20e7c11041984b13857f2c5a5391875d6ddf66%26o%3D&w=1080&q=75,https://www.stay22.com/allez/booking?aid=tripplannerai&campaign=build-itinerary~47604a60-2fa7-4235-a8aa-8ad682d9941a~date:2024-04-29&checkin=2024-06-11&checkout=2024-06-20&link=https%3A//www.booking.com/hotel/eg/sahara-pyramids-inn.html%3Faid%3D1607597%26checkin%3D2024-07-28%26checkout%3D2024-07-29%26no_rooms%3D1%26group_adults%3D2%26selected_currency%3DUSD
Cairo,Great Pyramid Inn,"14 Abou Al Hool Al Seiahi, Pyramids Plateau In Front of Sound and Light Theater, Cairo",8.7,$69 ,https://tripplanner.ai/_next/image?url=https%3A%2F%2Fq-xx.bstatic.com%2Fxdata%2Fimages%2Fhotel%2Fmax500%2F491132974.jpg%3Fk%3D4636a89901b7bd72b487e138dcffaeeab6324a5fab31c08999aaa704542d7bb1%26o%3D&w=1080&q=75,https://www.stay22.com/allez/booking?aid=tripplannerai&campaign=build-itinerary~47604a60-2fa7-4235-a8aa-8ad682d9941a~date:2024-04-29&checkin=2024-06-11&checkout=2024-06-20&link=https%3A//www.booking.com/hotel/eg/great-pyramid-inn.html%3Faid%3D1607597%26checkin%3D2024-07-28%26checkout%3D2024-07-29%26no_rooms%3D1%26group_adults%3D2%26selected_currency%3DUSD
Cairo,PANORAMA view pyramids,"10 abo el hool st nazlet el samman 10, Cairo",8.6,$87 ,https://tripplanner.ai/_next/image?url=https%3A%2F%2Fq-xx.bstatic.com%2Fxdata%2Fimages%2Fhotel%2Fmax500%2F405124053.jpg%3Fk%3Da06e8b525d8e2d227ed8bacd5b62af41711168fd0fa6a01da9d83ed2bf59a829%26o%3D&w=1080&q=75,https://www.stay22.com/allez/booking?aid=tripplannerai&campaign=build-itinerary~47604a60-2fa7-4235-a8aa-8ad682d9941a~date:2024-04-29&checkin=2024-06-11&checkout=2024-06-20&link=https%3A//www.booking.com/hotel/eg/panorama-view-pyramids.html%3Faid%3D1607597%26checkin%3D2024-07-28%26checkout%3D2024-07-29%26no_rooms%3D1%26group_adults%3D2%26selected_currency%3DUSD
Cairo,Turquoise Pyramids & Grand Egyptian museum view Hotel,"Al Remaya 7 Al Remaya square Cairo Alxsandria road, Cairo",7.5,$58 ,https://tripplanner.ai/_next/image?url=https%3A%2F%2Fq-xx.bstatic.com%2Fxdata%2Fimages%2Fhotel%2Fmax500%2F370809552.jpg%3Fk%3Dcb2448f3705e9a9c9134d76af92b113ce9ad33635e7f095fcd760980794a2ebb%26o%3D&w=1080&q=75,https://www.stay22.com/allez/booking?aid=tripplannerai&campaign=build-itinerary~47604a60-2fa7-4235-a8aa-8ad682d9941a~date:2024-04-29&checkin=2024-06-11&checkout=2024-06-20&link=https%3A//www.booking.com/hotel/eg/turquoise-pyramids.html%3Faid%3D1607597%26checkin%3D2024-07-28%26checkout%3D2024-07-29%26no_rooms%3D1%26group_adults%3D2%26selected_currency%3DUSD
Cairo,TuT Pyramids View,"2nd Abu Aziza St. Ext. Abul Haoul, Pyramids, Giza,Egypt, Cairo",7.1,$58 ,https://tripplanner.ai/_next/image?url=https%3A%2F%2Fq-xx.bstatic.com%2Fxdata%2Fimages%2Fhotel%2Fmax500%2F235188871.jpg%3Fk%3Da1359a896308b485fe15161d44517ba09d7113f89a98e484ada70c983edf8065%26o%3D&w=1080&q=75,https://www.stay22.com/allez/booking?aid=tripplannerai&campaign=build-itinerary~47604a60-2fa7-4235-a8aa-8ad682d9941a~date:2024-04-29&checkin=2024-06-11&checkout=2024-06-20&link=https%3A//www.booking.com/hotel/eg/tut-pyramids-view.html%3Faid%3D1607597%26checkin%3D2024-07-28%26checkout%3D2024-07-29%26no_rooms%3D1%26group_adults%3D2%26selected_currency%3DUSD
Cairo,"Golden Park Hotel Cairo, Heliopolis","221 El Hegaz Street, Heliopolis, Cairo",6.5,$79 ,https://tripplanner.ai/_next/image?url=https%3A%2F%2Fq-xx.bstatic.com%2Fxdata%2Fimages%2Fhotel%2Fmax500%2F26329656.jpg%3Fk%3D1ed672ae1c89fc03fabd69c24d173c2832411438fad48e464aba1d12d4dd503a%26o%3D&w=1080&q=75,https://www.stay22.com/allez/booking?aid=tripplannerai&campaign=build-itinerary~47604a60-2fa7-4235-a8aa-8ad682d9941a~date:2024-04-29&checkin=2024-06-11&checkout=2024-06-20&link=https%3A//www.booking.com/hotel/eg/golden-park.html%3Faid%3D1607597%26checkin%3D2024-07-28%26checkout%3D2024-07-29%26no_rooms%3D1%26group_adults%3D2%26selected_currency%3DUSD
Cairo,Pyramids Park Resort Cairo,"KM 2.5 Cairo Alexandria Desert Road, Cairo",6.6,$92 ,https://tripplanner.ai/_next/image?url=https%3A%2F%2Fq-xx.bstatic.com%2Fxdata%2Fimages%2Fhotel%2Fmax500%2F468026651.jpg%3Fk%3D47ae3655b02fcb4918d96cec4fe7bef5f3527abaaba1d78cf9045d082689003f%26o%3D&w=1080&q=75,https://www.stay22.com/allez/booking?aid=tripplannerai&campaign=build-itinerary~47604a60-2fa7-4235-a8aa-8ad682d9941a~date:2024-04-29&checkin=2024-06-11&checkout=2024-06-20&link=https%3A//www.booking.com/hotel/eg/pyramids-park-resort-cairo.html%3Faid%3D1607597%26checkin%3D2024-07-28%26checkout%3D2024-07-29%26no_rooms%3D1%26group_adults%3D2%26selected_currency%3DUSD
Cairo,Atlantis pyramids inn,"Sphinx square pyramids giza 4 sphinx street pyramids giza, Cairo",9.1,$58 ,https://tripplanner.ai/_next/image?url=https%3A%2F%2Fq-xx.bstatic.com%2Fxdata%2Fimages%2Fhotel%2Fmax500%2F279659242.jpg%3Fk%3D28ca4686dc245f7e63d2bdd2674d2147623fc5924c5c0881b93c072e204f0e7d%26o%3D&w=1080&q=75,https://www.stay22.com/allez/booking?aid=tripplannerai&campaign=build-itinerary~47604a60-2fa7-4235-a8aa-8ad682d9941a~date:2024-04-29&checkin=2024-06-11&checkout=2024-06-20&link=https%3A//www.booking.com/hotel/eg/atlantis-pyramids-inn.html%3Faid%3D1607597%26checkin%3D2024-07-28%26checkout%3D2024-07-29%26no_rooms%3D1%26group_adults%3D2%26selected_currency%3DUSD
Cairo,(Private) Pyramids Planet Hotel,"Gate 2, 198 W, Hadayek Al Ahram",9.4,$79.38 ,https://tripplanner.ai/_next/image?url=https%3A%2F%2Fa.hwstatic.com%2Fimage%2Fupload%2Ff_auto%2Cq_auto%2Cw_920%2Ch_600%2Fv1%2Fpropertyimages%2F3%2F309015%2Flnjrhjnxuoesd35obzks&w=1080&q=75,https://prf.hn/click/camref:1011l3Drhh/destination:https%3A%2F%2Fwww.hostelworld.com%2Fpwa%2Fhosteldetails.php%2F309015%3Ffrom%3D2024-06-11%26to%3D2024-06-20%26currency%3DUSD
Cairo,Royal Day Plaza Hotel,"motamyez district - behind ramo square, 6th Of October",8.4,$89 ,https://tripplanner.ai/_next/image?url=https%3A%2F%2Fq-xx.bstatic.com%2Fxdata%2Fimages%2Fhotel%2Fmax500%2F295011761.jpg%3Fk%3D279ae80ee6d100481cc0541a4a6fc251956e6351b2e3726d28ac6006808b107d%26o%3D&w=1080&q=75,https://www.stay22.com/allez/booking?aid=tripplannerai&campaign=build-itinerary~47604a60-2fa7-4235-a8aa-8ad682d9941a~date:2024-04-29&checkin=2024-06-11&checkout=2024-06-20&link=https%3A//www.booking.com/hotel/eg/royal-day-plaza.html%3Faid%3D1607597%26checkin%3D2024-07-28%26checkout%3D2024-07-29%26no_rooms%3D1%26group_adults%3D2%26selected_currency%3DUSD
Luxor,Cleopatra Hotel Luxor,"Gezira El Bairat, West Bank, Luxor",8.9,$64 ,https://tripplanner.ai/_next/image?url=https%3A%2F%2Fq-xx.bstatic.com%2Fxdata%2Fimages%2Fhotel%2Fmax500%2F48173781.jpg%3Fk%3Dc84317e162e52bf21df92c1f45f8e7dce7d01df3d556d5a26707cf18bbbb4e76%26o%3D&w=1080&q=75,https://www.stay22.com/allez/booking?aid=tripplannerai&campaign=build-itinerary~ad36c165-ea5c-40fe-907f-8c86a228a829~date:2024-04-29&checkin=2024-10-06&checkout=2024-10-07&link=https%3A//www.booking.com/hotel/eg/cleopatra-luxor.html%3Faid%3D1607597%26checkin%3D2024-07-28%26checkout%3D2024-07-29%26no_rooms%3D1%26group_adults%3D2%26selected_currency%3DUSD
Luxor,Hotel Sheherazade Luxor,"Gezira El Bairat, West Bank, Luxor",7.8,$64 ,https://tripplanner.ai/_next/image?url=https%3A%2F%2Fq-xx.bstatic.com%2Fxdata%2Fimages%2Fhotel%2Fmax500%2F133329224.jpg%3Fk%3D480a8e62931c17824c656ccf01d474185e83bb499b1e2c636c6d890b3c98dacd%26o%3D&w=1080&q=75,https://www.stay22.com/allez/booking?aid=tripplannerai&campaign=build-itinerary~ad36c165-ea5c-40fe-907f-8c86a228a829~date:2024-04-29&checkin=2024-10-06&checkout=2024-10-07&link=https%3A//www.booking.com/hotel/eg/sheherazade.html%3Faid%3D1607597%26checkin%3D2024-07-28%26checkout%3D2024-07-29%26no_rooms%3D1%26group_adults%3D2%26selected_currency%3DUSD
Luxor,Amon Hotel,"Gezira El Bairat, West Bank, Luxor",8.3,$71 ,https://tripplanner.ai/_next/image?url=https%3A%2F%2Fq-xx.bstatic.com%2Fxdata%2Fimages%2Fhotel%2Fmax500%2F509469193.jpg%3Fk%3D2ed1bb4d027ebd53787e9e1c1cbe211a9d741579f3571910995fdadca5f3d89a%26o%3D&w=1080&q=75,https://www.stay22.com/allez/booking?aid=tripplannerai&campaign=build-itinerary~ad36c165-ea5c-40fe-907f-8c86a228a829~date:2024-04-29&checkin=2024-10-06&checkout=2024-10-07&link=https%3A//www.booking.com/hotel/eg/amon.html%3Faid%3D1607597%26checkin%3D2024-07-28%26checkout%3D2024-07-29%26no_rooms%3D1%26group_adults%3D2%26selected_currency%3DUSD
Luxor,Embrace Hotel,"luxor -west bank - halfaia, Luxor",8.7,$70 ,https://tripplanner.ai/_next/image?url=https%3A%2F%2Fq-xx.bstatic.com%2Fxdata%2Fimages%2Fhotel%2Fmax500%2F460319321.jpg%3Fk%3D605b104ac7cb13eaf1d4bd430fb4be3b7acfc4f3ae77448f5d89d7ee8cc2f055%26o%3D&w=1080&q=75,https://www.stay22.com/allez/booking?aid=tripplannerai&campaign=build-itinerary~ad36c165-ea5c-40fe-907f-8c86a228a829~date:2024-04-29&checkin=2024-10-06&checkout=2024-10-07&link=https%3A//www.booking.com/hotel/eg/embrace.html%3Faid%3D1607597%26checkin%3D2024-07-28%26checkout%3D2024-07-29%26no_rooms%3D1%26group_adults%3D2%26selected_currency%3DUSD
Luxor,Spring Hotel Luxor,"Ramla Street, West Bank, Luxor",8.7,$58 ,https://tripplanner.ai/_next/image?url=https%3A%2F%2Fq-xx.bstatic.com%2Fxdata%2Fimages%2Fhotel%2Fmax500%2F297200856.jpg%3Fk%3D409e47e542de0b51f1194466e67175471270b4e5f533b56d53cb9027b89917d3%26o%3D&w=1080&q=75,https://www.stay22.com/allez/booking?aid=tripplannerai&campaign=build-itinerary~ad36c165-ea5c-40fe-907f-8c86a228a829~date:2024-04-29&checkin=2024-10-06&checkout=2024-10-07&link=https%3A//www.booking.com/hotel/eg/555-studios-amp-flats.html%3Faid%3D1607597%26checkin%3D2024-07-28%26checkout%3D2024-07-29%26no_rooms%3D1%26group_adults%3D2%26selected_currency%3DUSD
Luxor,El Gezira Garden Hotel Luxor,"Gezira El Bairat , West bank , Luxor",8.9,$69 ,https://tripplanner.ai/_next/image?url=https%3A%2F%2Fq-xx.bstatic.com%2Fxdata%2Fimages%2Fhotel%2Fmax500%2F53313091.jpg%3Fk%3D611e4149f6314093d5db887bd8a220d3d10cd8611885e777506433f463b19900%26o%3D&w=1080&q=75,https://www.stay22.com/allez/booking?aid=tripplannerai&campaign=build-itinerary~ad36c165-ea5c-40fe-907f-8c86a228a829~date:2024-04-29&checkin=2024-10-06&checkout=2024-10-07&link=https%3A//www.booking.com/hotel/eg/el-gezira-garden-luxor.html%3Faid%3D1607597%26checkin%3D2024-07-28%26checkout%3D2024-07-29%26no_rooms%3D1%26group_adults%3D2%26selected_currency%3DUSD
Luxor,El Mesala Hotel,"Gezira El Bairat, Al Ramla, West Bank, Luxor",8.3,$66 ,https://tripplanner.ai/_next/image?url=https%3A%2F%2Fq-xx.bstatic.com%2Fxdata%2Fimages%2Fhotel%2Fmax500%2F320113424.jpg%3Fk%3Db16aefdac31af523041b0253354d18b276719b831ed874f25c22b62543019a98%26o%3D&w=1080&q=75,https://www.stay22.com/allez/booking?aid=tripplannerai&campaign=build-itinerary~ad36c165-ea5c-40fe-907f-8c86a228a829~date:2024-04-29&checkin=2024-10-06&checkout=2024-10-07&link=https%3A//www.booking.com/hotel/eg/el-mesala.html%3Faid%3D1607597%26checkin%3D2024-07-28%26checkout%3D2024-07-29%26no_rooms%3D1%26group_adults%3D2%26selected_currency%3DUSD
Luxor,Susanna Hotel Luxor,"52 Karnak Temple St, East Bank, Luxor",8,$66 ,https://tripplanner.ai/_next/image?url=https%3A%2F%2Fq-xx.bstatic.com%2Fxdata%2Fimages%2Fhotel%2Fmax500%2F2463931.jpg%3Fk%3D3d9aa289b0c7c4b4c4b1e4e16b6e62525c7a20171b4a862f97ee569eb1eb3387%26o%3D&w=1080&q=75,https://www.stay22.com/allez/booking?aid=tripplannerai&campaign=build-itinerary~ad36c165-ea5c-40fe-907f-8c86a228a829~date:2024-04-29&checkin=2024-10-06&checkout=2024-10-07&link=https%3A//www.booking.com/hotel/eg/susanna.html%3Faid%3D1607597%26checkin%3D2024-07-28%26checkout%3D2024-07-29%26no_rooms%3D1%26group_adults%3D2%26selected_currency%3DUSD
Luxor,CASA LOKO Guest House,"Al Bairat,west bank,luxor, Luxor",9.7,$66 ,https://tripplanner.ai/_next/image?url=https%3A%2F%2Fq-xx.bstatic.com%2Fxdata%2Fimages%2Fhotel%2Fmax500%2F400780485.jpg%3Fk%3D62d17fa7d4ec1e817e055a3970ecaf2457f005d54ee3ced651c3fad542488e5d%26o%3D&w=1080&q=75,https://www.stay22.com/allez/booking?aid=tripplannerai&campaign=build-itinerary~ad36c165-ea5c-40fe-907f-8c86a228a829~date:2024-04-29&checkin=2024-10-06&checkout=2024-10-07&link=https%3A//www.booking.com/hotel/eg/casa-loko-guest-house.html%3Faid%3D1607597%26checkin%3D2024-07-28%26checkout%3D2024-07-29%26no_rooms%3D1%26group_adults%3D2%26selected_currency%3DUSD
Luxor,Venus hotel luxor 日本人 大歓迎,"Intersection Youssef Hassan Street with Market Street, East Bank, Luxor",8.4,$71 ,https://tripplanner.ai/_next/image?url=https%3A%2F%2Fq-xx.bstatic.com%2Fxdata%2Fimages%2Fhotel%2Fmax500%2F471953936.jpg%3Fk%3D92335d02e18ed18de0534b1ff88b73f6c7859f400b6f69e53894112a2daf086b%26o%3D&w=1080&q=75,https://www.stay22.com/allez/booking?aid=tripplannerai&campaign=build-itinerary~ad36c165-ea5c-40fe-907f-8c86a228a829~date:2024-04-29&checkin=2024-10-06&checkout=2024-10-07&link=https%3A//www.booking.com/hotel/eg/venus-hostel.html%3Faid%3D1607597%26checkin%3D2024-07-28%26checkout%3D2024-07-29%26no_rooms%3D1%26group_adults%3D2%26selected_currency%3DUSD
Luxor,(Private) New Saint Catherine Hotel Luxor,"Youssef Hassan st, East Bank , Luxor , Egypt",6.6,$55.88 ,https://tripplanner.ai/_next/image?url=https%3A%2F%2Fa.hwstatic.com%2Fimage%2Fupload%2Ff_auto%2Cq_auto%2Cw_920%2Ch_600%2Fv1%2Fpropertyimages%2F3%2F317092%2Fwxgiwck3lrylfyfxjdpo&w=1080&q=75,https://prf.hn/click/camref:1011l3Drhh/destination:https%3A%2F%2Fwww.hostelworld.com%2Fpwa%2Fhosteldetails.php%2F317092%3Ffrom%3D2024-10-06%26to%3D2024-10-07%26currency%3DUSD
Luxor,Full Moon House,"El Ramla, Luxor West Bank, Luxor Close to the ferry, Luxor",9.4,$58 ,https://tripplanner.ai/_next/image?url=https%3A%2F%2Fq-xx.bstatic.com%2Fxdata%2Fimages%2Fhotel%2Fmax500%2F502896220.jpg%3Fk%3Dddc780d3e7d5154cc26e832c1655b0cbaa403ae5c0435a84e933d7a1b4d54efb%26o%3D&w=1080&q=75,https://www.stay22.com/allez/booking?aid=tripplannerai&campaign=build-itinerary~ad36c165-ea5c-40fe-907f-8c86a228a829~date:2024-04-29&checkin=2024-10-06&checkout=2024-10-07&link=https%3A//www.booking.com/hotel/eg/full-moon-house.html%3Faid%3D1607597%26checkin%3D2024-07-28%26checkout%3D2024-07-29%26no_rooms%3D1%26group_adults%3D2%26selected_currency%3DUSD
Luxor,(Private) Rezeiky Hotel Luxor,Karnak Temple St.,0,$63.50 ,https://tripplanner.ai/_next/image?url=https%3A%2F%2Fa.hwstatic.com%2Fimage%2Fupload%2Ff_auto%2Cq_auto%2Cw_920%2Ch_600%2Fv1%2Fpropertyimages%2F2%2F293013%2Fhgctsx4r1clphabteny3&w=1080&q=75,https://prf.hn/click/camref:1011l3Drhh/destination:https%3A%2F%2Fwww.hostelworld.com%2Fpwa%2Fhosteldetails.php%2F293013%3Ffrom%3D2024-10-06%26to%3D2024-10-07%26currency%3DUSD
Luxor,Luxor Guest House,"West Bank, Albairat , Alramla, Luxor",8.8,$64 ,https://tripplanner.ai/_next/image?url=https%3A%2F%2Fq-xx.bstatic.com%2Fxdata%2Fimages%2Fhotel%2Fmax500%2F297119376.jpg%3Fk%3D18b6713c7b56e918222a76eb93139392687e23f9493e120709a81cbb886018a4%26o%3D&w=1080&q=75,https://www.stay22.com/allez/booking?aid=tripplannerai&campaign=build-itinerary~ad36c165-ea5c-40fe-907f-8c86a228a829~date:2024-04-29&checkin=2024-10-06&checkout=2024-10-07&link=https%3A//www.booking.com/hotel/eg/luxor-guest-house.html%3Faid%3D1607597%26checkin%3D2024-07-28%26checkout%3D2024-07-29%26no_rooms%3D1%26group_adults%3D2%26selected_currency%3DUSD
Luxor,Thebes Hotel,"West Bank, Luxor",8.7,$68 ,https://tripplanner.ai/_next/image?url=https%3A%2F%2Fq-xx.bstatic.com%2Fxdata%2Fimages%2Fhotel%2Fmax500%2F305455848.jpg%3Fk%3D5e957568f1f7026f94da9b46871b359162672220b9ee00bd3937ef4329456fff%26o%3D&w=1080&q=75,https://www.stay22.com/allez/booking?aid=tripplannerai&campaign=build-itinerary~ad36c165-ea5c-40fe-907f-8c86a228a829~date:2024-04-29&checkin=2024-10-06&checkout=2024-10-07&link=https%3A//www.booking.com/hotel/eg/thebes.html%3Faid%3D1607597%26checkin%3D2024-07-28%26checkout%3D2024-07-29%26no_rooms%3D1%26group_adults%3D2%26selected_currency%3DUSD
Luxor,IN LUXOR Nile Apartments,"Ramla Nile Street, 10, Luxor",8.7,$50 ,https://tripplanner.ai/_next/image?url=https%3A%2F%2Fq-xx.bstatic.com%2Fxdata%2Fimages%2Fhotel%2Fmax500%2F384780591.jpg%3Fk%3D5d64abced9585fe2da55bda1602e36d0cf1c313a6d95822a4fbab3dd04a6dbcc%26o%3D&w=1080&q=75,https://www.stay22.com/allez/booking?aid=tripplannerai&campaign=build-itinerary~ad36c165-ea5c-40fe-907f-8c86a228a829~date:2024-04-29&checkin=2024-10-06&checkout=2024-10-07&link=https%3A//www.booking.com/hotel/eg/apartments-in-luxor-luxor.html%3Faid%3D1607597%26checkin%3D2024-07-28%26checkout%3D2024-07-29%26no_rooms%3D1%26group_adults%3D2%26selected_currency%3DUSD
Luxor,Villa Kaslan Apartments,"Cairo Road to Western Aswan, Luxor",9.8,$50 ,https://tripplanner.ai/_next/image?url=https%3A%2F%2Fq-xx.bstatic.com%2Fxdata%2Fimages%2Fhotel%2Fmax500%2F507354061.jpg%3Fk%3D4730e4cc9b79fa32f6b3d5b9a6e2f71ff5a0d5f3fbe9bd15f3867f3f74da46b1%26o%3D&w=1080&q=75,https://www.stay22.com/allez/booking?aid=tripplannerai&campaign=build-itinerary~ad36c165-ea5c-40fe-907f-8c86a228a829~date:2024-04-29&checkin=2024-10-06&checkout=2024-10-07&link=https%3A//www.booking.com/hotel/eg/villa-kaslan.html%3Faid%3D1607597%26checkin%3D2024-07-28%26checkout%3D2024-07-29%26no_rooms%3D1%26group_adults%3D2%26selected_currency%3DUSD
Luxor,Moon Valley Apartments,"luxor west bank albairat, Luxor",9.1,$63 ,https://tripplanner.ai/_next/image?url=https%3A%2F%2Fq-xx.bstatic.com%2Fxdata%2Fimages%2Fhotel%2Fmax500%2F326810252.jpg%3Fk%3D4ca6725e13c8f12a2032eb13450d4b11637365b8877d71dc9ae054af92ac3c77%26o%3D&w=1080&q=75,https://www.stay22.com/allez/booking?aid=tripplannerai&campaign=build-itinerary~ad36c165-ea5c-40fe-907f-8c86a228a829~date:2024-04-29&checkin=2024-10-06&checkout=2024-10-07&link=https%3A//www.booking.com/hotel/eg/moon-valley-apartments.html%3Faid%3D1607597%26checkin%3D2024-07-28%26checkout%3D2024-07-29%26no_rooms%3D1%26group_adults%3D2%26selected_currency%3DUSD
Luxor,Iberotel Luxor,"Khaled Ibn El Waleed Street, East Bank, Luxor",8.4,$81 ,https://tripplanner.ai/_next/image?url=https%3A%2F%2Fq-xx.bstatic.com%2Fxdata%2Fimages%2Fhotel%2Fmax500%2F334702813.jpg%3Fk%3Db644520a99b602a9b8c5c2c8ae99ab2fee8621433536b0883ff8a023be79ae9b%26o%3D&w=1080&q=75,https://www.stay22.com/allez/booking?aid=tripplannerai&campaign=build-itinerary~ad36c165-ea5c-40fe-907f-8c86a228a829~date:2024-04-29&checkin=2024-10-06&checkout=2024-10-07&link=https%3A//www.booking.com/hotel/eg/iberotel-luxor.html%3Faid%3D1607597%26checkin%3D2024-07-28%26checkout%3D2024-07-29%26no_rooms%3D1%26group_adults%3D2%26selected_currency%3DUSD
Luxor,Nile Panorama Hotel,"Luxor , west bank , Albairat , Jorf, Luxor",9.2,$63 ,https://tripplanner.ai/_next/image?url=https%3A%2F%2Fq-xx.bstatic.com%2Fxdata%2Fimages%2Fhotel%2Fmax500%2F428120459.jpg%3Fk%3Dae37de481b9abce3f43b091c8c36778b490f777757721b95e7cec4dfd18d8c56%26o%3D&w=1080&q=75,https://www.stay22.com/allez/booking?aid=tripplannerai&campaign=build-itinerary~ad36c165-ea5c-40fe-907f-8c86a228a829~date:2024-04-29&checkin=2024-10-06&checkout=2024-10-07&link=https%3A//www.booking.com/hotel/eg/nile-panorama-apartments.html%3Faid%3D1607597%26checkin%3D2024-07-28%26checkout%3D2024-07-29%26no_rooms%3D1%26group_adults%3D2%26selected_currency%3DUSD
Luxor,DREAM ISLAND Hotel,"El DJORF West Bank of Luxor, Luxor",8.5,$58 ,https://tripplanner.ai/_next/image?url=https%3A%2F%2Fq-xx.bstatic.com%2Fxdata%2Fimages%2Fhotel%2Fmax500%2F321078281.jpg%3Fk%3D032408ec2368278cd8907ee2bf975b57d4775f33ed8bdc0e781090d414a35fac%26o%3D&w=1080&q=75,https://www.stay22.com/allez/booking?aid=tripplannerai&campaign=build-itinerary~ad36c165-ea5c-40fe-907f-8c86a228a829~date:2024-04-29&checkin=2024-10-06&checkout=2024-10-07&link=https%3A//www.booking.com/hotel/eg/dream-island.html%3Faid%3D1607597%26checkin%3D2024-07-28%26checkout%3D2024-07-29%26no_rooms%3D1%26group_adults%3D2%26selected_currency%3DUSD
Luxor,Sonesta St. George Hotel - Convention Center,"Corniche El Nile Street, Luxor",9.1,$91 ,https://tripplanner.ai/_next/image?url=https%3A%2F%2Fq-xx.bstatic.com%2Fxdata%2Fimages%2Fhotel%2Fmax500%2F389273650.jpg%3Fk%3D337b556b649af567799b82070d02a1764edc4bdfc4e1c5035d18bf30743f83c9%26o%3D&w=1080&q=75,https://www.stay22.com/allez/booking?aid=tripplannerai&campaign=build-itinerary~ad36c165-ea5c-40fe-907f-8c86a228a829~date:2024-04-29&checkin=2024-10-06&checkout=2024-10-07&link=https%3A//www.booking.com/hotel/eg/sonesta-st-george-luxor.html%3Faid%3D1607597%26checkin%3D2024-07-28%26checkout%3D2024-07-29%26no_rooms%3D1%26group_adults%3D2%26selected_currency%3DUSD
Luxor,Nile Compound,"Jorf, opposite to Steigenberger Hotel- West Bank, Luxor",8.9,$58 ,https://tripplanner.ai/_next/image?url=https%3A%2F%2Fq-xx.bstatic.com%2Fxdata%2Fimages%2Fhotel%2Fmax500%2F333561406.jpg%3Fk%3D3d34ca4be62b726e3fa572d6b7605bf0946a9e6bc67fcfc56784a65994529bf9%26o%3D&w=1080&q=75,https://www.stay22.com/allez/booking?aid=tripplannerai&campaign=build-itinerary~ad36c165-ea5c-40fe-907f-8c86a228a829~date:2024-04-29&checkin=2024-10-06&checkout=2024-10-07&link=https%3A//www.booking.com/hotel/eg/nile-compound-luxor.html%3Faid%3D1607597%26checkin%3D2024-07-28%26checkout%3D2024-07-29%26no_rooms%3D1%26group_adults%3D2%26selected_currency%3DUSD
Luxor,Lotus Luxor Hotel,"Khalid Ibn Walid, Corniche El Nil, East Bank, Luxor",8.3,$70 ,https://tripplanner.ai/_next/image?url=https%3A%2F%2Fq-xx.bstatic.com%2Fxdata%2Fimages%2Fhotel%2Fmax500%2F352183153.jpg%3Fk%3D8767d8040e31d86f737e78f98b39c8c5d898850937ce5ca89b4040b0a9d79abe%26o%3D&w=1080&q=75,https://www.stay22.com/allez/booking?aid=tripplannerai&campaign=build-itinerary~ad36c165-ea5c-40fe-907f-8c86a228a829~date:2024-04-29&checkin=2024-10-06&checkout=2024-10-07&link=https%3A//www.booking.com/hotel/eg/lotus-luxor-luxor.html%3Faid%3D1607597%26checkin%3D2024-07-28%26checkout%3D2024-07-29%26no_rooms%3D1%26group_adults%3D2%26selected_currency%3DUSD
Luxor,Steigenberger Nile Palace Luxor - Convention Center,"Khaled Ben Walid St, Luxor",9.1,$93 ,https://tripplanner.ai/_next/image?url=https%3A%2F%2Fq-xx.bstatic.com%2Fxdata%2Fimages%2Fhotel%2Fmax500%2F408981730.jpg%3Fk%3Dac952cb0bd90a5af08bf910f2c43b0cc354a599ddd68b34f2019ea0eeebce612%26o%3D&w=1080&q=75,https://www.stay22.com/allez/booking?aid=tripplannerai&campaign=build-itinerary~ad36c165-ea5c-40fe-907f-8c86a228a829~date:2024-04-29&checkin=2024-10-06&checkout=2024-10-07&link=https%3A//www.booking.com/hotel/eg/steigenberger-nile-palace-luxor.html%3Faid%3D1607597%26checkin%3D2024-07-28%26checkout%3D2024-07-29%26no_rooms%3D1%26group_adults%3D2%26selected_currency%3DUSD
Luxor,Pyramisa Hotel Luxor,"Khaled Ibn El Walid Street, Luxor",7.7,$66 ,https://tripplanner.ai/_next/image?url=https%3A%2F%2Fq-xx.bstatic.com%2Fxdata%2Fimages%2Fhotel%2Fmax500%2F476581584.jpg%3Fk%3Df58890637be490f3c2ac308b6477fcfd39318c1645aa8955965c46e37dfe0cd6%26o%3D&w=1080&q=75,https://www.stay22.com/allez/booking?aid=tripplannerai&campaign=build-itinerary~ad36c165-ea5c-40fe-907f-8c86a228a829~date:2024-04-29&checkin=2024-10-06&checkout=2024-10-07&link=https%3A//www.booking.com/hotel/eg/pyramisa-isis-suites-luxor.html%3Faid%3D1607597%26checkin%3D2024-07-28%26checkout%3D2024-07-29%26no_rooms%3D1%26group_adults%3D2%26selected_currency%3DUSD
Luxor,Blue Nile House,"Jorf Albairat, Luxor",9.6,$58 ,https://tripplanner.ai/_next/image?url=https%3A%2F%2Fq-xx.bstatic.com%2Fxdata%2Fimages%2Fhotel%2Fmax500%2F390653938.jpg%3Fk%3D17d09b029c335ba4b72e3e29ceada953a3084016e65673925daf0127f79edce2%26o%3D&w=1080&q=75,https://www.stay22.com/allez/booking?aid=tripplannerai&campaign=build-itinerary~ad36c165-ea5c-40fe-907f-8c86a228a829~date:2024-04-29&checkin=2024-10-06&checkout=2024-10-07&link=https%3A//www.booking.com/hotel/eg/blue-nile-house-luxor1.html%3Faid%3D1607597%26checkin%3D2024-07-28%26checkout%3D2024-07-29%26no_rooms%3D1%26group_adults%3D2%26selected_currency%3DUSD
Luxor,Jewel Howard Carter Hotel,"Elgorf, opposite to Steigenberger Hotel, El Bairat, West bank, Luxor",9,$64 ,https://tripplanner.ai/_next/image?url=https%3A%2F%2Fq-xx.bstatic.com%2Fxdata%2Fimages%2Fhotel%2Fmax500%2F406725815.jpg%3Fk%3D8189126d7a4371473d454819ee4bff4d5e1b9ba878b8fe76681bcb3f5e595ccf%26o%3D&w=1080&q=75,https://www.stay22.com/allez/booking?aid=tripplannerai&campaign=build-itinerary~ad36c165-ea5c-40fe-907f-8c86a228a829~date:2024-04-29&checkin=2024-10-06&checkout=2024-10-07&link=https%3A//www.booking.com/hotel/eg/howard-carter-guest-house.html%3Faid%3D1607597%26checkin%3D2024-07-28%26checkout%3D2024-07-29%26no_rooms%3D1%26group_adults%3D2%26selected_currency%3DUSD
Luxor,New Memnon Hotel,"Memnon Street, West Bank, Luxor",9.5,$88 ,https://tripplanner.ai/_next/image?url=https%3A%2F%2Fq-xx.bstatic.com%2Fxdata%2Fimages%2Fhotel%2Fmax500%2F511680735.jpg%3Fk%3Dd76c92011bcbd0a509d1b38378534e978bee2d91922dce66365f4aa9c7af1c65%26o%3D&w=1080&q=75,https://www.stay22.com/allez/booking?aid=tripplannerai&campaign=build-itinerary~ad36c165-ea5c-40fe-907f-8c86a228a829~date:2024-04-29&checkin=2024-10-06&checkout=2024-10-07&link=https%3A//www.booking.com/hotel/eg/new-memnon.html%3Faid%3D1607597%26checkin%3D2024-07-28%26checkout%3D2024-07-29%26no_rooms%3D1%26group_adults%3D2%26selected_currency%3DUSD
Luxor,Luxor Villa Hatshepsut,"Cairo Road to Western Aswan, Luxor",9.6,$58 ,https://tripplanner.ai/_next/image?url=https%3A%2F%2Fq-xx.bstatic.com%2Fxdata%2Fimages%2Fhotel%2Fmax500%2F504511109.jpg%3Fk%3De96f48eb11c60df3fae6830725eedfe53c5b4df1e9e84429352362d12c87e61b%26o%3D&w=1080&q=75,https://www.stay22.com/allez/booking?aid=tripplannerai&campaign=build-itinerary~ad36c165-ea5c-40fe-907f-8c86a228a829~date:2024-04-29&checkin=2024-10-06&checkout=2024-10-07&link=https%3A//www.booking.com/hotel/eg/luxor-apartment-hatshepsut.html%3Faid%3D1607597%26checkin%3D2024-07-28%26checkout%3D2024-07-29%26no_rooms%3D1%26group_adults%3D2%26selected_currency%3DUSD
Luxor,Al Baeirat Hotel,"Gezira El Bairat, West Bank, Luxor",9.2,$73 ,https://tripplanner.ai/_next/image?url=https%3A%2F%2Fq-xx.bstatic.com%2Fxdata%2Fimages%2Fhotel%2Fmax500%2F11516918.jpg%3Fk%3Dd269580e91b531b6da7207cc079e71ca1c93aabb430df1365fea95522ef752a1%26o%3D&w=1080&q=75,https://www.stay22.com/allez/booking?aid=tripplannerai&campaign=build-itinerary~ad36c165-ea5c-40fe-907f-8c86a228a829~date:2024-04-29&checkin=2024-10-06&checkout=2024-10-07&link=https%3A//www.booking.com/hotel/eg/al-baeirat.html%3Faid%3D1607597%26checkin%3D2024-07-28%26checkout%3D2024-07-29%26no_rooms%3D1%26group_adults%3D2%26selected_currency%3DUSD
Luxor,Malkata House,"Near the temple of Medinat Habu Al Bairat, Luxor",9.4,$85 ,https://tripplanner.ai/_next/image?url=https%3A%2F%2Fq-xx.bstatic.com%2Fxdata%2Fimages%2Fhotel%2Fmax500%2F285814541.jpg%3Fk%3Daf1e0487f5994a772c3b2763807e6ceac00e3409af2b39cf90d6e4a162b2cc4f%26o%3D&w=1080&q=75,https://www.stay22.com/allez/booking?aid=tripplannerai&campaign=build-itinerary~ad36c165-ea5c-40fe-907f-8c86a228a829~date:2024-04-29&checkin=2024-10-06&checkout=2024-10-07&link=https%3A//www.booking.com/hotel/eg/malkata-house.html%3Faid%3D1607597%26checkin%3D2024-07-28%26checkout%3D2024-07-29%26no_rooms%3D1%26group_adults%3D2%26selected_currency%3DUSD
Luxor,Sphinx Luxor Apartment,"Luxor Bridge, Luxor",9.5,$62 ,https://tripplanner.ai/_next/image?url=https%3A%2F%2Fq-xx.bstatic.com%2Fxdata%2Fimages%2Fhotel%2Fmax500%2F334263726.jpg%3Fk%3D46596dde07572e06de43a9fcbc153c31c804f60cb60bfa197f0c0b9d5f50a80c%26o%3D&w=1080&q=75,https://www.stay22.com/allez/booking?aid=tripplannerai&campaign=build-itinerary~ad36c165-ea5c-40fe-907f-8c86a228a829~date:2024-04-29&checkin=2024-10-06&checkout=2024-10-07&link=https%3A//www.booking.com/hotel/eg/sphinx-luxor-apartment.html%3Faid%3D1607597%26checkin%3D2024-07-28%26checkout%3D2024-07-29%26no_rooms%3D1%26group_adults%3D2%26selected_currency%3DUSD
Luxor,Kemet Apartment luxor,"طريق المراسى.El-Boghdady, Luxor, Luxor Governora, Luxor",9,$58 ,https://tripplanner.ai/_next/image?url=https%3A%2F%2Fq-xx.bstatic.com%2Fxdata%2Fimages%2Fhotel%2Fmax500%2F317108619.jpg%3Fk%3D4df5d4545830ea87cd320195895ecaf80146a536f86bf4911dd22f37ff8a8caf%26o%3D&w=1080&q=75,https://www.stay22.com/allez/booking?aid=tripplannerai&campaign=build-itinerary~ad36c165-ea5c-40fe-907f-8c86a228a829~date:2024-04-29&checkin=2024-10-06&checkout=2024-10-07&link=https%3A//www.booking.com/hotel/eg/kemet-and-apartment.html%3Faid%3D1607597%26checkin%3D2024-07-28%26checkout%3D2024-07-29%26no_rooms%3D1%26group_adults%3D2%26selected_currency%3DUSD
Aswan,Philae Hotel Aswan,"79 Cormiche El Nile Street, Aswan",6.3,$75 ,https://tripplanner.ai/_next/image?url=https%3A%2F%2Fq-xx.bstatic.com%2Fxdata%2Fimages%2Fhotel%2Fmax500%2F12595760.jpg%3Fk%3De74fc5f50f8dd70b47526d6fa84f90b2bfde2501afa0cfd9d0f8d05b0d924b52%26o%3D&w=1080&q=75,https://www.stay22.com/allez/booking?aid=tripplannerai&campaign=build-itinerary~752a23eb-c27b-4f3b-bf6b-4a601f19970d~date:2024-04-29&checkin=2024-05-13&checkout=2024-05-13&link=https%3A//www.booking.com/hotel/eg/philae.html%3Faid%3D1607597%26checkin%3D2024-07-27%26checkout%3D2024-07-28%26no_rooms%3D1%26group_adults%3D2%26selected_currency%3DUSD
Aswan,Orchida St. George Hotel,"9 Mohamed Khalid Street, Cornish El-Nile, Aswan",7.1,$66 ,https://tripplanner.ai/_next/image?url=https%3A%2F%2Fq-xx.bstatic.com%2Fxdata%2Fimages%2Fhotel%2Fmax500%2F14283756.jpg%3Fk%3D99a6975851fc7cf25d4af1e29a2a92210259243e25641ffc498b30fe9651cf3d%26o%3D&w=1080&q=75,https://www.stay22.com/allez/booking?aid=tripplannerai&campaign=build-itinerary~752a23eb-c27b-4f3b-bf6b-4a601f19970d~date:2024-04-29&checkin=2024-05-13&checkout=2024-05-13&link=https%3A//www.booking.com/hotel/eg/orchida-st-george.html%3Faid%3D1607597%26checkin%3D2024-07-27%26checkout%3D2024-07-28%26no_rooms%3D1%26group_adults%3D2%26selected_currency%3DUSD
Aswan,Cleopatra Hotel,"Saad Zaghloul, Aswan",8.8,$70 ,https://tripplanner.ai/_next/image?url=https%3A%2F%2Fq-xx.bstatic.com%2Fxdata%2Fimages%2Fhotel%2Fmax500%2F197356874.jpg%3Fk%3D774b7e1903e39ff767b9ca2aa752db27242f97a450a3e7dd835b07be903edc69%26o%3D&w=1080&q=75,https://www.stay22.com/allez/booking?aid=tripplannerai&campaign=build-itinerary~752a23eb-c27b-4f3b-bf6b-4a601f19970d~date:2024-04-29&checkin=2024-05-13&checkout=2024-05-13&link=https%3A//www.booking.com/hotel/eg/cleopatra-qism-aswan.html%3Faid%3D1607597%26checkin%3D2024-07-27%26checkout%3D2024-07-28%26no_rooms%3D1%26group_adults%3D2%26selected_currency%3DUSD
Aswan,El-amin Guest House,"Kornish Al Nile, Aswan",7.9,$50 ,https://tripplanner.ai/_next/image?url=https%3A%2F%2Fq-xx.bstatic.com%2Fxdata%2Fimages%2Fhotel%2Fmax500%2F238219690.jpg%3Fk%3Dee9aec50e568c23d36a740c041be1e9e5bd4dd58be70b7e3ad88601b321313ab%26o%3D&w=1080&q=75,https://www.stay22.com/allez/booking?aid=tripplannerai&campaign=build-itinerary~752a23eb-c27b-4f3b-bf6b-4a601f19970d~date:2024-04-29&checkin=2024-05-13&checkout=2024-05-13&link=https%3A//www.booking.com/hotel/eg/el-amin-swn.html%3Faid%3D1607597%26checkin%3D2024-07-27%26checkout%3D2024-07-28%26no_rooms%3D1%26group_adults%3D2%26selected_currency%3DUSD
Aswan,Citymax Hotel Aswan,"Kornish Al Nile, Besides CIB Bank, Aswan",9,$98 ,https://tripplanner.ai/_next/image?url=https%3A%2F%2Fq-xx.bstatic.com%2Fxdata%2Fimages%2Fhotel%2Fmax500%2F269280700.jpg%3Fk%3D84b5ce0996817ef831a187b40a2416d081d84a20b4676093eb972afb9eaac85a%26o%3D&w=1080&q=75,https://www.stay22.com/allez/booking?aid=tripplannerai&campaign=build-itinerary~752a23eb-c27b-4f3b-bf6b-4a601f19970d~date:2024-04-29&checkin=2024-05-13&checkout=2024-05-13&link=https%3A//www.booking.com/hotel/eg/citymax-aswan-plaza.html%3Faid%3D1607597%26checkin%3D2024-07-27%26checkout%3D2024-07-28%26no_rooms%3D1%26group_adults%3D2%26selected_currency%3DUSD
Aswan,Bob Marley Guest House,"Elephantine Island near the ferry boat Cross to Nubian Dream Restaurant and Cafe, Aswan",7.8,$51 ,https://tripplanner.ai/_next/image?url=https%3A%2F%2Fq-xx.bstatic.com%2Fxdata%2Fimages%2Fhotel%2Fmax500%2F295126481.jpg%3Fk%3D0f4687b4e1ac1fe984922e9b49e4c379cd0eda5d05b9b13095c3908654e71bd7%26o%3D&w=1080&q=75,https://www.stay22.com/allez/booking?aid=tripplannerai&campaign=build-itinerary~752a23eb-c27b-4f3b-bf6b-4a601f19970d~date:2024-04-29&checkin=2024-05-13&checkout=2024-05-13&link=https%3A//www.booking.com/hotel/eg/aunati-guesthouse.html%3Faid%3D1607597%26checkin%3D2024-07-27%26checkout%3D2024-07-28%26no_rooms%3D1%26group_adults%3D2%26selected_currency%3DUSD
Aswan,Taharka Nubian House,"Elephantine Island, Aswan",8.4,$52 ,https://tripplanner.ai/_next/image?url=https%3A%2F%2Fq-xx.bstatic.com%2Fxdata%2Fimages%2Fhotel%2Fmax500%2F317820802.jpg%3Fk%3De2a49b0bc8e5b6acd10e9424c1b594c34e40e273c76b05fad9526fc7445f8536%26o%3D&w=1080&q=75,https://www.stay22.com/allez/booking?aid=tripplannerai&campaign=build-itinerary~752a23eb-c27b-4f3b-bf6b-4a601f19970d~date:2024-04-29&checkin=2024-05-13&checkout=2024-05-13&link=https%3A//www.booking.com/hotel/eg/taharka-nubian-house-aswan-aswan1.html%3Faid%3D1607597%26checkin%3D2024-07-27%26checkout%3D2024-07-28%26no_rooms%3D1%26group_adults%3D2%26selected_currency%3DUSD
Aswan,NOBATiA Guest House,"جزيرة اسوان النجع البحري elephantine island second floor, Aswan",9.2,$58 ,https://tripplanner.ai/_next/image?url=https%3A%2F%2Fq-xx.bstatic.com%2Fxdata%2Fimages%2Fhotel%2Fmax500%2F279075910.jpg%3Fk%3Dc70fb55844979bbd41c10d3f28d69afd7aa860a445d114b0587e9b21595eedcb%26o%3D&w=1080&q=75,https://www.stay22.com/allez/booking?aid=tripplannerai&campaign=build-itinerary~752a23eb-c27b-4f3b-bf6b-4a601f19970d~date:2024-04-29&checkin=2024-05-13&checkout=2024-05-13&link=https%3A//www.booking.com/hotel/eg/nobatia-guest-house-aswan1.html%3Faid%3D1607597%26checkin%3D2024-07-27%26checkout%3D2024-07-28%26no_rooms%3D1%26group_adults%3D2%26selected_currency%3DUSD
Aswan,Taharka,"elephatine island aswan, Aswan",9.3,$62 ,https://tripplanner.ai/_next/image?url=https%3A%2F%2Fq-xx.bstatic.com%2Fxdata%2Fimages%2Fhotel%2Fmax500%2F498715030.jpg%3Fk%3D2f677a9a1cafcb3d721a61391017385ccfe4b94cb3e5fbed77dd4130e4f42d03%26o%3D&w=1080&q=75,https://www.stay22.com/allez/booking?aid=tripplannerai&campaign=build-itinerary~752a23eb-c27b-4f3b-bf6b-4a601f19970d~date:2024-04-29&checkin=2024-05-13&checkout=2024-05-13&link=https%3A//www.booking.com/hotel/eg/nuba-one.html%3Faid%3D1607597%26checkin%3D2024-07-27%26checkout%3D2024-07-28%26no_rooms%3D1%26group_adults%3D2%26selected_currency%3DUSD
Aswan,Airkela Nuba Dool2,"elephantine island, Aswan",9.8,$69 ,https://tripplanner.ai/_next/image?url=https%3A%2F%2Fq-xx.bstatic.com%2Fxdata%2Fimages%2Fhotel%2Fmax500%2F418245850.jpg%3Fk%3D7bf473adcb9228d016e6e6f524c54fe8c965304bf2a120410f59c36f5f014637%26o%3D&w=1080&q=75,https://www.stay22.com/allez/booking?aid=tripplannerai&campaign=build-itinerary~752a23eb-c27b-4f3b-bf6b-4a601f19970d~date:2024-04-29&checkin=2024-05-13&checkout=2024-05-13&link=https%3A//www.booking.com/hotel/eg/anbeasa-nubadool2-aswan3.html%3Faid%3D1607597%26checkin%3D2024-07-27%26checkout%3D2024-07-28%26no_rooms%3D1%26group_adults%3D2%26selected_currency%3DUSD
Aswan,La Terrace,"أسوان, Aswan",9.1,$58 ,https://tripplanner.ai/_next/image?url=https%3A%2F%2Fq-xx.bstatic.com%2Fxdata%2Fimages%2Fhotel%2Fmax500%2F508742600.jpg%3Fk%3Dc82062c042083b8f7eaf4eca8f645cd0368acee268307b6f2047139569cc718e%26o%3D&w=1080&q=75,https://www.stay22.com/allez/booking?aid=tripplannerai&campaign=build-itinerary~752a23eb-c27b-4f3b-bf6b-4a601f19970d~date:2024-04-29&checkin=2024-05-13&checkout=2024-05-13&link=https%3A//www.booking.com/hotel/eg/la-terrace.html%3Faid%3D1607597%26checkin%3D2024-07-27%26checkout%3D2024-07-28%26no_rooms%3D1%26group_adults%3D2%26selected_currency%3DUSD
Aswan,The Mango Guest House,"Abbas Farid, Aswan",8.7,$55 ,https://tripplanner.ai/_next/image?url=https%3A%2F%2Fq-xx.bstatic.com%2Fxdata%2Fimages%2Fhotel%2Fmax500%2F350546113.jpg%3Fk%3D1ece253bdadec90d2279e2b967caa2c2d44cc61953d1d84447dcf9ad221e6816%26o%3D&w=1080&q=75,https://www.stay22.com/allez/booking?aid=tripplannerai&campaign=build-itinerary~752a23eb-c27b-4f3b-bf6b-4a601f19970d~date:2024-04-29&checkin=2024-05-13&checkout=2024-05-13&link=https%3A//www.booking.com/hotel/eg/the-mango-guest-house.html%3Faid%3D1607597%26checkin%3D2024-07-27%26checkout%3D2024-07-28%26no_rooms%3D1%26group_adults%3D2%26selected_currency%3DUSD
Aswan,Hamo Guest House,"Unnamed Road Hamo House, elephantine island, Aswan, Egypt, Aswan",9.3,$50 ,https://tripplanner.ai/_next/image?url=https%3A%2F%2Fq-xx.bstatic.com%2Fxdata%2Fimages%2Fhotel%2Fmax500%2F409575596.jpg%3Fk%3D023ef2bedde14514a5a0670b317f5bcad135dcaf37933ee4170ec438ad28cd74%26o%3D&w=1080&q=75,https://www.stay22.com/allez/booking?aid=tripplannerai&campaign=build-itinerary~752a23eb-c27b-4f3b-bf6b-4a601f19970d~date:2024-04-29&checkin=2024-05-13&checkout=2024-05-13&link=https%3A//www.booking.com/hotel/eg/hamo-house-aswan.html%3Faid%3D1607597%26checkin%3D2024-07-27%26checkout%3D2024-07-28%26no_rooms%3D1%26group_adults%3D2%26selected_currency%3DUSD
Aswan,Kana Kato,"elep, Aswan",8,$69 ,https://tripplanner.ai/_next/image?url=https%3A%2F%2Fq-xx.bstatic.com%2Fxdata%2Fimages%2Fhotel%2Fmax500%2F497558049.jpg%3Fk%3D3ab92f98b1d9db9ff994dbe21f6e4f81ccf6e36025ff21c93d4d66428b0be9f9%26o%3D&w=1080&q=75,https://www.stay22.com/allez/booking?aid=tripplannerai&campaign=build-itinerary~752a23eb-c27b-4f3b-bf6b-4a601f19970d~date:2024-04-29&checkin=2024-05-13&checkout=2024-05-13&link=https%3A//www.booking.com/hotel/eg/kana-kato-aswan.html%3Faid%3D1607597%26checkin%3D2024-07-27%26checkout%3D2024-07-28%26no_rooms%3D1%26group_adults%3D2%26selected_currency%3DUSD
Aswan,El Prince Guesthouse,"Elephantine Island, Aswan",9.7,$80 ,https://tripplanner.ai/_next/image?url=https%3A%2F%2Fq-xx.bstatic.com%2Fxdata%2Fimages%2Fhotel%2Fmax500%2F284041389.jpg%3Fk%3D030528e0629a2ec56f9674f2b3a3e5be1ab593dac1a800d3afe0e6e46435f9ab%26o%3D&w=1080&q=75,https://www.stay22.com/allez/booking?aid=tripplannerai&campaign=build-itinerary~752a23eb-c27b-4f3b-bf6b-4a601f19970d~date:2024-04-29&checkin=2024-05-13&checkout=2024-05-13&link=https%3A//www.booking.com/hotel/eg/el-prince-guesthouse.html%3Faid%3D1607597%26checkin%3D2024-07-27%26checkout%3D2024-07-28%26no_rooms%3D1%26group_adults%3D2%26selected_currency%3DUSD
Aswan,Houseboat Hotel and Nile Cruises Zainoba,"Mini nile curise, Nag` el-Ramla",9,$75 ,https://tripplanner.ai/_next/image?url=https%3A%2F%2Fq-xx.bstatic.com%2Fxdata%2Fimages%2Fhotel%2Fmax500%2F509146216.jpg%3Fk%3D5a9c9ccdae2e7eddc58a69406aee7056478e27278756ad68742a30c021235a43%26o%3D&w=1080&q=75,https://www.stay22.com/allez/booking?aid=tripplannerai&campaign=build-itinerary~752a23eb-c27b-4f3b-bf6b-4a601f19970d~date:2024-04-29&checkin=2024-05-13&checkout=2024-05-13&link=https%3A//www.booking.com/hotel/eg/mini-nile-curise.html%3Faid%3D1607597%26checkin%3D2024-07-27%26checkout%3D2024-07-28%26no_rooms%3D1%26group_adults%3D2%26selected_currency%3DUSD
Aswan,Anakob,"elphantine island sheyakha ola, aswan, Aswan",9.7,$100 ,https://tripplanner.ai/_next/image?url=https%3A%2F%2Fq-xx.bstatic.com%2Fxdata%2Fimages%2Fhotel%2Fmax500%2F200881801.jpg%3Fk%3Dfdbaa36df0a87bb76c15dafe9543e138b56cec05d67b621058b8599f50777c79%26o%3D&w=1080&q=75,https://www.stay22.com/allez/booking?aid=tripplannerai&campaign=build-itinerary~752a23eb-c27b-4f3b-bf6b-4a601f19970d~date:2024-04-29&checkin=2024-05-13&checkout=2024-05-13&link=https%3A//www.booking.com/hotel/eg/anakob.html%3Faid%3D1607597%26checkin%3D2024-07-27%26checkout%3D2024-07-28%26no_rooms%3D1%26group_adults%3D2%26selected_currency%3DUSD
Aswan,Kafana Guest House Nile View,"جزيرة اسوان, Aswan",9.3,$63 ,https://tripplanner.ai/_next/image?url=https%3A%2F%2Fq-xx.bstatic.com%2Fxdata%2Fimages%2Fhotel%2Fmax500%2F389094281.jpg%3Fk%3D39eaca63ee4c47f8b808a64239a5f89caeb125eea80ffbf654571785c3c8e781%26o%3D&w=1080&q=75,https://www.stay22.com/allez/booking?aid=tripplannerai&campaign=build-itinerary~752a23eb-c27b-4f3b-bf6b-4a601f19970d~date:2024-04-29&checkin=2024-05-13&checkout=2024-05-13&link=https%3A//www.booking.com/hotel/eg/kafana-guest-house-nile-view.html%3Faid%3D1607597%26checkin%3D2024-07-27%26checkout%3D2024-07-28%26no_rooms%3D1%26group_adults%3D2%26selected_currency%3DUSD
Aswan,Basmatic Nubian Guest House,"النجع القبلي جزيره اسوان, Aswan",9.4,$50 ,https://tripplanner.ai/_next/image?url=https%3A%2F%2Fq-xx.bstatic.com%2Fxdata%2Fimages%2Fhotel%2Fmax500%2F486560659.jpg%3Fk%3D6d88cd0ba4880123da36661f274ba35f3d596a5430e25fc661953bb108eea53e%26o%3D&w=1080&q=75,https://www.stay22.com/allez/booking?aid=tripplannerai&campaign=build-itinerary~752a23eb-c27b-4f3b-bf6b-4a601f19970d~date:2024-04-29&checkin=2024-05-13&checkout=2024-05-13&link=https%3A//www.booking.com/hotel/eg/basmatic-nubian-guest-house.html%3Faid%3D1607597%26checkin%3D2024-07-27%26checkout%3D2024-07-28%26no_rooms%3D1%26group_adults%3D2%26selected_currency%3DUSD
Aswan,Maghrabi's Guest house,"West Bank of the Nile, Nagaa Alquba, Aswan, Egypt, Aswan",7.2,$55 ,https://tripplanner.ai/_next/image?url=https%3A%2F%2Fq-xx.bstatic.com%2Fxdata%2Fimages%2Fhotel%2Fmax500%2F359440215.jpg%3Fk%3D11c61307f86a63437e6bf102d75a355d5ca319435cb379c9feeb5b9e7ba2106c%26o%3D&w=1080&q=75,https://www.stay22.com/allez/booking?aid=tripplannerai&campaign=build-itinerary~752a23eb-c27b-4f3b-bf6b-4a601f19970d~date:2024-04-29&checkin=2024-05-13&checkout=2024-05-13&link=https%3A//www.booking.com/hotel/eg/maghrabi-39-s-guest-house-byt-mgrby.html%3Faid%3D1607597%26checkin%3D2024-07-27%26checkout%3D2024-07-28%26no_rooms%3D1%26group_adults%3D2%26selected_currency%3DUSD
Aswan,Nubian Beach - حسن فوكس,"west bank of Aswan Egypt, Aswan",8.4,$58 ,https://tripplanner.ai/_next/image?url=https%3A%2F%2Fq-xx.bstatic.com%2Fxdata%2Fimages%2Fhotel%2Fmax500%2F414954062.jpg%3Fk%3Ddc345d03102658601c5d9cfae2f9e33c86ff9820ff3f406f23e40ad96ba5d60d%26o%3D&w=1080&q=75,https://www.stay22.com/allez/booking?aid=tripplannerai&campaign=build-itinerary~752a23eb-c27b-4f3b-bf6b-4a601f19970d~date:2024-04-29&checkin=2024-05-13&checkout=2024-05-13&link=https%3A//www.booking.com/hotel/eg/nubian-beach-hsn-fwks.html%3Faid%3D1607597%26checkin%3D2024-07-27%26checkout%3D2024-07-28%26no_rooms%3D1%26group_adults%3D2%26selected_currency%3DUSD
Aswan,Nubian Farm Aswan,"saloga and gazal national park , west bank of Aswan saloga and gazal national park , west bank of Aswan, Aswan",9.4,$86 ,https://tripplanner.ai/_next/image?url=https%3A%2F%2Fq-xx.bstatic.com%2Fxdata%2Fimages%2Fhotel%2Fmax500%2F322551567.jpg%3Fk%3Dacf0900eb75453e05356c5de6121b69818f6372fb5b50c9c00550d0987725320%26o%3D&w=1080&q=75,https://www.stay22.com/allez/booking?aid=tripplannerai&campaign=build-itinerary~752a23eb-c27b-4f3b-bf6b-4a601f19970d~date:2024-04-29&checkin=2024-05-13&checkout=2024-05-13&link=https%3A//www.booking.com/hotel/eg/nubian-farm-aswan.html%3Faid%3D1607597%26checkin%3D2024-07-27%26checkout%3D2024-07-28%26no_rooms%3D1%26group_adults%3D2%26selected_currency%3DUSD
Aswan,Kendaka Nubian House,"Nag` Gharb Siheil,قرية غرب سهيل بحرى, Aswan",8.9,$55 ,https://tripplanner.ai/_next/image?url=https%3A%2F%2Fq-xx.bstatic.com%2Fxdata%2Fimages%2Fhotel%2Fmax500%2F430912004.jpg%3Fk%3D226e9f6ae2cfeb59b63c40429c4842584fdb5306cdef12b84cf5b7723ca5cdaf%26o%3D&w=1080&q=75,https://www.stay22.com/allez/booking?aid=tripplannerai&campaign=build-itinerary~752a23eb-c27b-4f3b-bf6b-4a601f19970d~date:2024-04-29&checkin=2024-05-13&checkout=2024-05-13&link=https%3A//www.booking.com/hotel/eg/kendaka-nubian-house-swn.html%3Faid%3D1607597%26checkin%3D2024-07-27%26checkout%3D2024-07-28%26no_rooms%3D1%26group_adults%3D2%26selected_currency%3DUSD
Aswan,Opal privat nubian hotel,"3V67+PR نجع سهيل غرب، مصر غرب سهيل، اول اسوان،, أسوان, مصر, Aswan",9.2,$67 ,https://tripplanner.ai/_next/image?url=https%3A%2F%2Fq-xx.bstatic.com%2Fxdata%2Fimages%2Fhotel%2Fmax500%2F344135441.jpg%3Fk%3D90aca917dc98b948503626e797680f854814117cf8a5d48e83838248b01b26ce%26o%3D&w=1080&q=75,https://www.stay22.com/allez/booking?aid=tripplannerai&campaign=build-itinerary~752a23eb-c27b-4f3b-bf6b-4a601f19970d~date:2024-04-29&checkin=2024-05-13&checkout=2024-05-13&link=https%3A//www.booking.com/hotel/eg/opal.html%3Faid%3D1607597%26checkin%3D2024-07-27%26checkout%3D2024-07-28%26no_rooms%3D1%26group_adults%3D2%26selected_currency%3DUSD
Aswan,Kato Waidi Nubian Resort,"Gharb Suhyl Nubian House Gharb Suhyl, Aswan",9.2,$58 ,https://tripplanner.ai/_next/image?url=https%3A%2F%2Fq-xx.bstatic.com%2Fxdata%2Fimages%2Fhotel%2Fmax500%2F423979619.jpg%3Fk%3D61ee66b457e831c31f058787e58d4c2b88f850014a386e4f1da7b206ae5008eb%26o%3D&w=1080&q=75,https://www.stay22.com/allez/booking?aid=tripplannerai&campaign=build-itinerary~752a23eb-c27b-4f3b-bf6b-4a601f19970d~date:2024-04-29&checkin=2024-05-13&checkout=2024-05-13&link=https%3A//www.booking.com/hotel/eg/ka-waidi-nubian-house.html%3Faid%3D1607597%26checkin%3D2024-07-27%26checkout%3D2024-07-28%26no_rooms%3D1%26group_adults%3D2%26selected_currency%3DUSD
Aswan,Artika Wadi Kiki Hotel,"Gharb Sohail Village, West Bank, Nubia, Aswan, Aswan",9.2,$69 ,https://tripplanner.ai/_next/image?url=https%3A%2F%2Fq-xx.bstatic.com%2Fxdata%2Fimages%2Fhotel%2Fmax500%2F494482685.jpg%3Fk%3D08c2678942e1db962955f14b7f931f34ce607667d1bc631884f59346b9c94d4d%26o%3D&w=1080&q=75,https://www.stay22.com/allez/booking?aid=tripplannerai&campaign=build-itinerary~752a23eb-c27b-4f3b-bf6b-4a601f19970d~date:2024-04-29&checkin=2024-05-13&checkout=2024-05-13&link=https%3A//www.booking.com/hotel/eg/artika.html%3Faid%3D1607597%26checkin%3D2024-07-27%26checkout%3D2024-07-28%26no_rooms%3D1%26group_adults%3D2%26selected_currency%3DUSD
Aswan,Private House with Garden and terrace in Aswan,"Shenouda street, Nagaa Al-Karur, Aswan",8.4,$62 ,https://tripplanner.ai/_next/image?url=https%3A%2F%2Fq-xx.bstatic.com%2Fxdata%2Fimages%2Fhotel%2Fmax500%2F321321353.jpg%3Fk%3D94d07f61072ba8bc7d880c35c7d2facc487fe2184f3df07976bf5d9b069055d1%26o%3D&w=1080&q=75,https://www.stay22.com/allez/booking?aid=tripplannerai&campaign=build-itinerary~752a23eb-c27b-4f3b-bf6b-4a601f19970d~date:2024-04-29&checkin=2024-05-13&checkout=2024-05-13&link=https%3A//www.booking.com/hotel/eg/private-house-with-garden-and-terrace-in-aswan.html%3Faid%3D1607597%26checkin%3D2024-07-27%26checkout%3D2024-07-28%26no_rooms%3D1%26group_adults%3D2%26selected_currency%3DUSD
Aswan,Fenti Nubian Resort,"أسوان - غرب سهيل - بجوار مركز شباب غرب سهيل - 20 دقيقة من المطار, Aswan",8.2,$65 ,https://tripplanner.ai/_next/image?url=https%3A%2F%2Fq-xx.bstatic.com%2Fxdata%2Fimages%2Fhotel%2Fmax500%2F428605766.jpg%3Fk%3D70de7760de067c33f5aed33639a2a5eceebd94b0d70256131d373daa0655cf33%26o%3D&w=1080&q=75,https://www.stay22.com/allez/booking?aid=tripplannerai&campaign=build-itinerary~752a23eb-c27b-4f3b-bf6b-4a601f19970d~date:2024-04-29&checkin=2024-05-13&checkout=2024-05-13&link=https%3A//www.booking.com/hotel/eg/fenti-camp-swn1.html%3Faid%3D1607597%26checkin%3D2024-07-27%26checkout%3D2024-07-28%26no_rooms%3D1%26group_adults%3D2%26selected_currency%3DUSD
Aswan,Villa Misk,"Pateniol East of Aswan Dam, Aswan, Aswan",9.4,$58 ,https://tripplanner.ai/_next/image?url=https%3A%2F%2Fq-xx.bstatic.com%2Fxdata%2Fimages%2Fhotel%2Fmax500%2F194360558.jpg%3Fk%3D3508710ca09d330cbe758b2b33192dd09487d93e48c7c42be51a36d0a18f43f0%26o%3D&w=1080&q=75,https://www.stay22.com/allez/booking?aid=tripplannerai&campaign=build-itinerary~752a23eb-c27b-4f3b-bf6b-4a601f19970d~date:2024-04-29&checkin=2024-05-13&checkout=2024-05-13&link=https%3A//www.booking.com/hotel/eg/villa-misk.html%3Faid%3D1607597%26checkin%3D2024-07-27%26checkout%3D2024-07-28%26no_rooms%3D1%26group_adults%3D2%26selected_currency%3DUSD
Aswan,Wanas Kato Guest House,"Luxor - Aswan, Ash Shallāl",9.1,$74 ,https://tripplanner.ai/_next/image?url=https%3A%2F%2Fq-xx.bstatic.com%2Fxdata%2Fimages%2Fhotel%2Fmax500%2F506976459.jpg%3Fk%3D1cd20e432c2895386498ee88571a31764d59114c0e5c0b11f88af47ad1d4b2ae%26o%3D&w=1080&q=75,https://www.stay22.com/allez/booking?aid=tripplannerai&campaign=build-itinerary~752a23eb-c27b-4f3b-bf6b-4a601f19970d~date:2024-04-29&checkin=2024-05-13&checkout=2024-05-13&link=https%3A//www.booking.com/hotel/eg/wanas-kato-guest-house-qism-aswan.html%3Faid%3D1607597%26checkin%3D2024-07-27%26checkout%3D2024-07-28%26no_rooms%3D1%26group_adults%3D2%26selected_currency%3DUSD
Aswan,Heissa Hostel,"Heissa island, Aswan",7.6,$60 ,https://tripplanner.ai/_next/image?url=https%3A%2F%2Fq-xx.bstatic.com%2Fxdata%2Fimages%2Fhotel%2Fmax500%2F500973633.jpg%3Fk%3D0e31bb93c25e6c9eefbb716ebccd5b8b5cb525ae9a01d1a105ef806a31fe429c%26o%3D&w=1080&q=75,https://www.stay22.com/allez/booking?aid=tripplannerai&campaign=build-itinerary~752a23eb-c27b-4f3b-bf6b-4a601f19970d~date:2024-04-29&checkin=2024-05-13&checkout=2024-05-13&link=https%3A//www.booking.com/hotel/eg/heissa-hostel.html%3Faid%3D1607597%26checkin%3D2024-07-27%26checkout%3D2024-07-28%26no_rooms%3D1%26group_adults%3D2%26selected_currency%3DUSD
Aswan,Citymax aqua park Hotel Aswan,"مدخل مدينة أسوان الجديدة مدينة أسوان الجديدة, Aswan",7.6,$98 ,https://tripplanner.ai/_next/image?url=https%3A%2F%2Fq-xx.bstatic.com%2Fxdata%2Fimages%2Fhotel%2Fmax500%2F318970104.jpg%3Fk%3Da8893b809fa7ad26cb725f4919a69fa5e5b3dacc67d8308adb346664fd899dc5%26o%3D&w=1080&q=75,https://www.stay22.com/allez/booking?aid=tripplannerai&campaign=build-itinerary~752a23eb-c27b-4f3b-bf6b-4a601f19970d~date:2024-04-29&checkin=2024-05-13&checkout=2024-05-13&link=https%3A//www.booking.com/hotel/eg/citymax-aquapark-aswan.html%3Faid%3D1607597%26checkin%3D2024-07-27%26checkout%3D2024-07-28%26no_rooms%3D1%26group_adults%3D2%26selected_currency%3DUSD
